group_with_gender,buddhist,christian,hindu,jewish,refusal,unaffiliated
male,0.6,6.2,0.0,1.7999999999999998,0.0,91.4
female,1.002004008016032,43.08617234468938,0.6012024048096193,2.004008016032064,0.2004008016032064,53.106212424849694
