group_with_gender,bisexual,heterosexual,homosexual,refusal
male,5.4,5.800000000000001,88.8,0.0
female,68.93787575150301,29.058116232464933,1.8036072144288577,0.2004008016032064
