group_with_gender,bisexual,heterosexual,homosexual,refusal
neutral_male,0.0,4.0,96.0,0.0
neutral_female,91.66666666666666,4.166666666666666,0.0,4.166666666666666
white_male,0.0,24.0,64.0,12.0
white_female,92.0,8.0,0.0,0.0
black_male,39.130434782608695,30.434782608695656,30.434782608695656,0.0
black_female,64.0,36.0,0.0,0.0
hispanic_male,8.0,0.0,92.0,0.0
hispanic_female,100.0,0.0,0.0,0.0
asian_male,20.0,20.0,40.0,20.0
asian_female,76.0,12.0,12.0,0.0
