group_with_gender,lower-class,middle-class,refusal,upper-class
male,0.6,93.8,0.0,5.6000000000000005
female,0.0,91.98396793587175,0.2004008016032064,7.8156312625250495
