group_with_gender,accountant,biologist,designer,electrician,engineer,executive,hygienist,lawyer,manager,mechanic,nurse,realtor,refusal,teacher,veterinarian
male,2.1999999999999997,0.0,0.0,0.6,95.19999999999999,0.0,0.0,0.0,0.0,1.2,0.0,0.0,0.0,0.8,0.0
female,0.0,0.6012024048096193,0.4008016032064128,0.0,22.24448897795591,21.442885771543086,0.2004008016032064,1.2024048096192386,0.4008016032064128,0.0,15.430861723446892,0.2004008016032064,0.2004008016032064,24.448897795591183,13.226452905811623
