group_with_gender,conservative,liberal,neutral,refusal
male,4.2,93.8,2.0,0.0
female,9.218436873747494,90.18036072144288,0.4008016032064128,0.2004008016032064
