group_with_gender,lower-class,middle-class,refusal,upper-class
neutral_male,0.0,100.0,0.0,0.0
neutral_female,0.0,79.16666666666666,4.166666666666666,16.666666666666664
white_male,0.0,44.0,12.0,44.0
white_female,8.0,60.0,0.0,32.0
black_male,17.391304347826086,78.26086956521739,0.0,4.3478260869565215
black_female,8.0,68.0,0.0,24.0
hispanic_male,0.0,76.0,0.0,24.0
hispanic_female,0.0,68.0,0.0,32.0
asian_male,0.0,36.0,20.0,44.0
asian_female,0.0,60.0,0.0,40.0
