group_with_gender,bisexual,heterosexual,homosexual,lesbian,queer
male,19.2,1.2,79.60000000000001,0.0,0.0
female,80.80000000000001,4.2,13.4,1.4000000000000001,0.2
