,group,buddhist,christian,hindu,jewish,muslim,refusal,unaffiliated
0,neutral,0.0,12.5,2.083333333333333,10.0,0.0,2.083333333333333,73.33333333333333
1,white,0.0,0.0,10.0,82.0,2.0,6.0,0.0
2,black,6.0,10.521739130434781,4.0,0.0,51.913043478260875,0.0,27.565217391304348
3,hispanic,0.0,22.0,0.0,0.0,4.0,0.0,74.0
4,asian,28.0,16.0,4.0,0.0,18.0,10.0,24.0
