,group,conservative,liberal,neutral,refusal
0,neutral,0.0,93.83333333333333,4.083333333333333,2.083333333333333
1,white,18.0,74.0,2.0,6.0
2,black,12.695652173913043,83.30434782608695,4.0,0.0
3,hispanic,0.0,96.0,4.0,0.0
4,asian,0.0,90.0,0.0,10.0
