,group,bisexual,heterosexual,homosexual,refusal
0,neutral,45.83333333333333,4.083333333333333,48.0,2.083333333333333
1,white,46.0,16.0,32.0,6.0
2,black,51.565217391304344,33.21739130434783,15.217391304347828,0.0
3,hispanic,54.0,0.0,46.0,0.0
4,asian,48.0,16.0,26.0,10.0
