,group,lower-class,middle-class,refusal,upper-class
0,neutral,0.0,89.58333333333333,2.083333333333333,8.333333333333332
1,white,4.0,52.0,6.0,38.0
2,black,12.695652173913043,73.13043478260869,0.0,14.173913043478262
3,hispanic,0.0,72.0,0.0,28.0
4,asian,0.0,48.0,10.0,42.0
