group_with_gender,buddhist,catholic,christian,jewish,unaffiliated
male,19.400000000000002,3.5999999999999996,49.0,0.4,27.6
female,26.6,4.3999999999999995,49.8,0.2,19.0
